Timestamp,R_SPH,R_CYL,R_AXIS,R_ADD,L_SPH,L_CYL,L_AXIS,L_ADD,PD,Chart_Number,Occluder_State,Chart_Display,Optometrist_Question,Patient_Answer_Intent,Patient_Confidence
02:10,0.00,0.00,180,0.00,0.00,0.00,180,0.00,,-1,BINO,echart_400,Please read the smallest line you can see clearly on the chart.,Reads the chart.,Confident
03:42,0.00,0.00,180,0.00,0.00,0.00,180,0.00,,-1,BINO,snellen_chart_21_18_15,Please read the smallest line you can see clearly on the Snellen chart.,Reads the chart.,Confused
04:00,+0.25,0.00,180,0.00,+0.25,0.00,180,0.00,,-1,BINO,snellen_chart_21_18_15,Please read the smallest line you can see clearly on the Snellen chart.,Reads the chart.,Confused
04:02,+0.50,0.00,180,0.00,+0.50,0.00,180,0.00,,-1,BINO,snellen_chart_21_18_15,Please read the smallest line you can see clearly on the Snellen chart.,Reads the chart.,Confused
04:12,+0.50,0.00,90,0.00,+0.50,0.00,90,0.00,,-1,BINO,snellen_chart_21_18_15,Please read the smallest line you can see clearly on the Snellen chart.,Reads the chart.,Confused
04:14,+0.50,+0.25,90,0.00,+0.50,+0.25,90,0.00,,-1,BINO,snellen_chart_21_18_15,Please read the smallest line you can see clearly on the Snellen chart.,Reads the chart.,Confused
04:22,+0.50,+0.25,180,0.00,+0.50,+0.25,90,0.00,,-1,BINO,snellen_chart_21_18_15,Please read the smallest line you can see clearly on the Snellen chart.,Reads the chart.,Confused
04:26,+0.50,+0.25,180,0.00,+0.50,+0.25,175,0.00,,-1,BINO,snellen_chart_21_18_15,Please read the smallest line you can see clearly on the Snellen chart.,Reads the chart.,Confused
04:28,+0.50,+40.25,180,0.00,+0.50,+0.25,175,0.00,,-1,BINO,snellen_chart_21_18_15,Please read the smallest line you can see clearly on the Snellen chart.,Reads the chart.,Confused
04:46,+0.50,+40.25,180,0.00,+0.50,+0.25,175,0.00,,-1,BINO,snellen_chart_12_9_7_5,Please read the smallest line you can see clearly on the Snellen chart.,Reads the chart.,Confused
04:52,+0.50,+0.25,180,0.00,+0.50,+0.25,175,0.00,,-1,BINO,snellen_chart_12_9_7_5,Please read the smallest line you can see clearly on the Snellen chart.,Reads the chart.,Confused
04:56,-0.25,+0.25,180,0.00,+0.50,+0.25,175,0.00,,-1,BINO,snellen_chart_12_9_7_5,Please read the smallest line you can see clearly on the Snellen chart.,Reads the chart.,Confident
05:04,-0.25,+0.25,180,0.00,+0.50,+0.25,175,0.00,,-1,Left_Occluded,snellen_chart_12_9_7_5,I'm covering your left eye. Please read the smallest line you can see clearly on the Snellen chart.,Reads snellen_chart_12_9_7_5.,Confused
05:06,-0.25,+0.25,180,0.00,+0.50,+0.25,175,0.00,,-1,Left_Occluded,snellen_chart_40_30_25_30,I'm covering your left eye. Please read the smallest line you can see clearly on the Snellen chart.,Reads snellen_chart_40_30_25_30.,Confused
05:12,-0.25,+0.25,180,0.00,+0.50,+0.25,175,0.00,,-1,Left_Occluded,snellen_chart_40_30_25_25,I'm covering your left eye. Please read the smallest line you can see clearly on the Snellen chart.,Reads snellen_chart_40_30_25_25.,Confused
05:18,+0.50,+0.25,180,0.00,+0.50,+0.25,175,0.00,,-1,Left_Occluded,snellen_chart_40_30_25_25,I'm covering your left eye. Please read the smallest line you can see clearly on the Snellen chart.,Reads snellen_chart_40_30_25_25.,Confused
05:26,+1.25,0.25,90,0.00,+0.75,0.25,175,0.00,,-1,Left_Occluded,snellen_chart_40_30_25_25,I'm covering your left eye. Please read the smallest line you can see clearly on the Snellen chart.,Reads snellen_chart_40_30_25_25.,Confused
05:30,+1.50,0.25,90,0.00,+0.75,0.25,175,0.00,,-1,Left_Occluded,snellen_chart_40_30_25_25,I'm covering your left eye. Please read the smallest line you can see clearly on the Snellen chart.,Reads snellen_chart_40_30_25_25.,Confident
05:34,+1.50,0.25,90,0.00,+0.75,0.25,175,0.00,,-1,Right_Axis_Flip1,jcc_chart,Is this better?,,Confused
05:48,+1.50,0.25,90,0.00,+0.75,0.25,175,0.00,,-1,Right_Axis_Flip2,jcc_chart,Or is this better?,No axis change.,Confident
05:52,+1.50,0.25,90,0.00,+0.75,0.25,175,0.00,,-1,Right_Axis_Flip1,jcc_chart,Is this better?,,Confident
05:56,+1.50,0.25,80,0.00,+0.75,0.25,85,0.00,,-1,Right_Power_Flip1,jcc_chart,Is this better?,,Confused
05:58,+1.50,0.25,80,0.00,+0.75,0.25,85,0.00,,-1,Right_Power_Flip2,jcc_chart,Or is this better?,No cylinder change.,Confused
06:00,+1.50,0.25,80,0.00,+0.75,0.25,85,0.00,,-1,Right_Power_Flip1,jcc_chart,Is this better?,,Confused
06:04,+41.75,0.25,80,0.00,+0.75,0.25,85,0.00,,-1,Right_Power_Flip2,jcc_chart,Or is this better?,No cylinder change.,Confident
06:08,+41.75,0.25,80,0.00,+0.75,0.25,85,0.00,,-1,Right_Power_Flip1,jcc_chart,Is this better?,,Confused
06:12,+1.50,0.25,80,0.00,+0.75,0.25,85,0.00,,-1,Right_Power_Flip1,jcc_chart,Is this better?,,Confused
06:14,+1.50,0.25,5,0.00,+0.75,0.25,85,0.00,,-1,Right_Power_Flip1,duochrome,Is this better?,,Confident
06:16,+1.50,0.25,5,0.00,+0.75,0.25,85,0.00,,-1,Left_Occluded,duochrome,"Which is clearer: red or green, or are they the same?",Responds red/green preference.,Confused
06:44,+1.75,0.25,5,0.00,+0.75,0.25,85,0.00,,-1,Left_Occluded,duochrome,"Which is clearer: red or green, or are they the same?",Responds red/green preference.,Confused
06:46,+2.00,0.25,5,0.00,+0.75,0.25,85,0.00,,-1,Left_Occluded,duochrome,"Which is clearer: red or green, or are they the same?",Responds red/green preference.,Confused
06:48,+1.50,0.25,85,0.00,+0.75,0.25,85,0.00,,-1,Left_Occluded,duochrome,"Which is clearer: red or green, or are they the same?",Responds red/green preference.,Confident
06:50,+1.50,0.25,85,0.00,+0.75,0.25,85,0.00,,-1,Left_Occluded,snellen_chart_12_9_7_5,I'm covering your left eye. Please read the smallest line you can see clearly on the Snellen chart.,Reads snellen_chart_12_9_7_5.,Confident
06:52,+1.50,0.25,85,0.00,+0.75,0.25,85,0.00,,-1,Right_Occluded,snellen_chart_12_9_7_5,I'm covering your right eye. Please read the smallest line you can see clearly on the Snellen chart.,Reads the chart.,Confused
06:54,+1.50,0.25,85,0.00,+0.75,0.25,65,0.00,,-1,Right_Occluded,snellen_chart_12_9_7_5,I'm covering your right eye. Please read the smallest line you can see clearly on the Snellen chart.,Reads the chart.,Confused
06:56,+1.50,0.25,85,0.00,+0.75,0.25,65,0.00,,-1,Right_Occluded,snellen_chart_40_30_25_25,I'm covering your right eye. Please read the smallest line you can see clearly on the Snellen chart.,Reads the chart.,Confused
07:08,+1.50,0.25,85,0.00,+1.25,0.25,65,0.00,,-1,Right_Occluded,snellen_chart_40_30_25_25,I'm covering your right eye. Please read the smallest line you can see clearly on the Snellen chart.,Reads the chart.,Confused
07:16,+1.50,0.25,85,0.00,+1.25,0.00,65,0.00,,-1,Right_Occluded,snellen_chart_40_30_25_25,I'm covering your right eye. Please read the smallest line you can see clearly on the Snellen chart.,Reads the chart.,Confused
07:20,+1.50,0.25,85,0.00,+1.50,0.00,65,0.00,,-1,Right_Occluded,snellen_chart_40_30_25_25,I'm covering your right eye. Please read the smallest line you can see clearly on the Snellen chart.,Reads the chart.,Confused
07:30,+1.50,0.25,85,0.00,+1.50,0.00,70,0.00,,-1,Right_Occluded,snellen_chart_40_30_25_25,I'm covering your right eye. Please read the smallest line you can see clearly on the Snellen chart.,Reads the chart.,Confident
07:32,+1.50,0.25,85,0.00,+1.50,0.00,70,0.00,,-1,Left_Axis_Flip1,jcc_chart,Is this better?,,Confused
07:34,+1.50,0.25,85,0.00,+1.50,0.00,60,0.00,,-1,Left_Axis_Flip1,jcc_chart,Is this better?,,Confused
07:38,+1.50,0.25,85,0.00,+1.50,0.00,60,0.00,,-1,Left_Axis_Flip2,jcc_chart,Or is this better?,No axis change.,Confident
07:40,+1.50,0.25,85,0.00,+1.50,0.00,60,0.00,,-1,Left_Axis_Flip1,jcc_chart,Is this better?,,Confused
07:48,+1.50,0.25,85,0.00,+1.50,0.00,60,0.00,,-1,Left_Power_Flip2,jcc_chart,Or is this better?,No cylinder change.,Confident
07:50,+1.50,0.25,85,0.00,+1.50,0.00,60,0.00,,-1,Left_Axis_Flip1,jcc_chart,Is this better?,,Confident
07:54,+1.50,0.25,85,0.00,+1.50,0.00,60,0.00,,-1,Left_Power_Flip1,jcc_chart,Is this better?,,Confused
08:02,+1.50,0.25,85,0.00,+1.50,0.00,60,0.00,,-1,Left_Power_Flip1,duochrome,Is this better?,,Confident
08:04,+1.50,0.25,85,0.00,+1.50,0.00,60,0.00,,-1,Right_Occluded,duochrome,"Which is clearer: red or green, or are they the same?",Responds red/green preference.,Confused
08:14,+1.50,0.25,85,0.00,+1.25,0.00,60,0.00,,-1,Right_Occluded,duochrome,"Which is clearer: red or green, or are they the same?",Responds red/green preference.,Confused
08:18,+1.50,0.25,85,0.00,+1.00,0.00,60,0.00,,-1,Right_Occluded,duochrome,"Which is clearer: red or green, or are they the same?",Responds red/green preference.,Confused
08:34,+1.50,0.25,85,0.00,+0.75,0.00,60,0.00,,-1,Right_Occluded,duochrome,"Which is clearer: red or green, or are they the same?",Responds red/green preference.,Confused
08:40,+1.50,0.25,85,0.00,+1.25,0.00,60,0.00,,-1,Right_Occluded,duochrome,"Which is clearer: red or green, or are they the same?",Responds red/green preference.,Confident
08:42,+1.50,0.25,85,0.00,+1.25,0.00,60,0.00,,-1,Right_Occluded,snellen_chart_12_9_7_5,I'm covering your right eye. Please read the smallest line you can see clearly on the Snellen chart.,Reads the chart.,Confident
08:44,+1.50,0.25,85,0.00,+1.25,0.00,60,0.00,,-1,BINO,snellen_chart_12_9_7_5,Please read the smallest line you can see clearly on the Snellen chart.,Reads the chart.,Confused
08:46,1.5,0.25,5,0.00,+1.25,0.00,60,0.00,,-1,BINO,snellen_chart_12_9_7_5,Please read the smallest line you can see clearly on the Snellen chart.,Reads the chart.,Confused
08:50,+1.50,0.25,5,0.00,+1.25,0.00,60,0.00,,-1,BINO,snellen_chart_20_20_20,Please read the smallest line you can see clearly on the Snellen chart.,Reads the chart.,Confused
08:56,-1.25,0.25,5,0.00,+1.25,0.00,60,0.00,,-1,BINO,snellen_chart_20_20_20,Please read the smallest line you can see clearly on the Snellen chart.,Reads the chart.,Confused
08:58,+40.75,0.25,90,0.00,+0.75,0.00,85,0.00,,-1,BINO,snellen_chart_20_20_20,Please read the smallest line you can see clearly on the Snellen chart.,Reads the chart.,Confused
09:00,+0.75,0.25,90,0.00,+0.75,0.00,85,0.00,,-1,BINO,snellen_chart_20_20_20,Please read the smallest line you can see clearly on the Snellen chart.,Reads the chart.,Confused
09:04,+1.50,0.25,85,0.00,+1.25,0.00,180,0.00,,-1,BINO,snellen_chart_20_20_20,Please read the smallest line you can see clearly on the Snellen chart.,Reads the chart.,Confident
09:16,1.5,0.25,5,0.00,+1.25,0.00,180,0.00,,-1,BINO,near_vision,Please read the nearest line you can see comfortably.,Reads near chart.,Confused
09:18,+1.50,0.25,25,0.00,+1.25,0.00,180,0.00,,-1,BINO,near_vision,Please read the nearest line you can see comfortably.,Reads near chart.,Confident
09:20,+1.50,0.25,85,0.00,+1.25,0.00,180,0.00,,-1,Left_Occluded,near_vision,Please read the nearest line you can see comfortably.,Reads near chart.,Confused
09:26,+1.50,0.25,5,+1.25,+1.25,0.00,180,0.00,,-1,Left_Occluded,near_vision,Please read the nearest line you can see comfortably.,Reads near chart.,Confused
09:28,+1.50,0.25,65,+1.25,+1.25,0.00,180,0.00,,-1,Left_Occluded,near_vision,Please read the nearest line you can see comfortably.,Reads near chart.,Confused
09:30,+1.50,0.25,65,+1.25,-4.25,0.00,180,0.00,,-1,Left_Occluded,near_vision,Please read the nearest line you can see comfortably.,Reads near chart.,Confused
09:32,+1.50,0.25,85,+1.25,-4.25,0.00,180,0.00,,-1,Left_Occluded,near_vision,Please read the nearest line you can see comfortably.,Reads near chart.,Confident
09:38,+1.50,0.25,85,+1.25,+1.25,0.00,180,0.00,,-1,Right_Occluded,near_vision,Please read the nearest line you can see comfortably.,Reads near chart.,Confused
09:40,+1.50,0.25,85,+1.25,+1.25,0.00,180,+1.25,,-1,Right_Occluded,near_vision,Please read the nearest line you can see comfortably.,Reads near chart.,Confident
09:48,+1.50,0.25,85,+1.25,+1.25,0.00,180,+1.25,,-1,BINO,near_vision,Please read the nearest line you can see comfortably.,Reads near chart.,Confused
09:56,+1.50,0.25,5,+1.25,+1.25,0.00,180,+1.25,,-1,BINO,near_vision,Please read the nearest line you can see comfortably.,Reads near chart.,Confident
10:00,+1.50,0.25,5,+1.25,+1.25,0.00,180,+1.25,,-1,BINO,snellen_chart_12_9_7_5,Please read the smallest line you can see clearly on the Snellen chart.,Reads the chart.,Confused
10:02,+1.25,0.25,5,+1.25,+1.25,0.00,180,+1.25,,-1,BINO,snellen_chart_12_9_7_5,Please read the smallest line you can see clearly on the Snellen chart.,Reads the chart.,Confused
10:04,+1.50,0.25,5,+1.25,+1.25,0.00,180,+1.25,,-1,BINO,snellen_chart_12_9_7_5,Please read the smallest line you can see clearly on the Snellen chart.,Reads the chart.,Confused
10:28,-1.25,0.25,5,+1.25,+1.25,0.00,180,+1.25,,-1,BINO,snellen_chart_12_9_7_5,Please read the smallest line you can see clearly on the Snellen chart.,Reads the chart.,Confused
11:40,+1.50,0.25,5,+1.25,+1.25,0.00,180,+1.25,,-1,BINO,snellen_chart_12_9_7_5,Please read the smallest line you can see clearly on the Snellen chart.,Reads the chart.,Confused
12:00,-1.25,0.25,5,+1.25,+1.25,0.00,180,+1.25,,-1,BINO,snellen_chart_12_9_7_5,Please read the smallest line you can see clearly on the Snellen chart.,Reads the chart.,Confused
12:12,+1.50,0.25,5,+1.25,+1.25,0.00,180,+1.25,,-1,BINO,snellen_chart_12_9_7_5,Please read the smallest line you can see clearly on the Snellen chart.,Reads the chart.,Confused
12:30,-1.25,0.25,5,+1.25,+1.25,0.00,180,+1.25,,-1,BINO,snellen_chart_12_9_7_5,Please read the smallest line you can see clearly on the Snellen chart.,Reads the chart.,Confused
12:58,+1.50,0.25,5,+1.25,+1.25,0.00,180,+1.25,,-1,BINO,snellen_chart_12_9_7_5,Please read the smallest line you can see clearly on the Snellen chart.,Reads the chart.,Confused
13:02,+1.50,0.25,155,+1.25,+1.25,0.00,180,+1.25,,-1,BINO,snellen_chart_12_9_7_5,Please read the smallest line you can see clearly on the Snellen chart.,Reads the chart.,Confident
