Timestamp,R_SPH,R_CYL,R_AXIS,R_ADD,L_SPH,L_CYL,L_AXIS,L_ADD,PD,Chart_Number,Occluder_State,Chart_Display,OCR_Fields_Read,Anomalies_Fixed,Optometrist_Question,Patient_Answer_Intent,Patient_Confidence
00:56,0.0,0.0,180.0,0.0,0.0,0.0,180.0,0.0,,-1,BINO,echart_400,8,22,Please read the smallest line you can see clearly on the chart.,Reads the chart.,Confident
01:14,0.0,0.0,180.0,0.0,0.0,0.0,180.0,0.0,,-1,Both_Occluded,,8,22,Please describe what you see.,Responds to instruction.,Confident
01:16,0.0,0.0,180.0,0.0,0.0,0.0,180.0,0.0,,-1,BINO,snellen_chart_21_18_15,8,22,Please read the smallest line you can see clearly on the Snellen chart.,Reads the chart.,Confused
01:24,0.0,0.0,180.0,0.0,0.0,0.0,180.0,0.0,,-1,Both_Occluded,snellen_chart_21_18_15,8,22,Please read the smallest line you can see clearly on the Snellen chart.,Reads the chart.,Confident
01:32,0.0,0.0,180.0,0.0,0.0,0.0,180.0,0.0,,-1,Both_Occluded,echart_400,8,22,Please read the smallest line you can see clearly on the chart.,Reads the chart.,Confident
01:34,0.0,0.0,180.0,0.0,0.0,0.0,180.0,0.0,,-1,BINO,snellen_chart_21_18_15,8,22,Please read the smallest line you can see clearly on the Snellen chart.,Reads the chart.,Confused
01:36,-1.0,0.0,180.0,0.0,0.0,0.0,180.0,0.0,,-1,BINO,snellen_chart_21_18_15,8,22,Please read the smallest line you can see clearly on the Snellen chart.,Reads the chart.,Confused
01:38,-0.25,0.0,180.0,0.0,0.0,0.0,180.0,0.0,,-1,BINO,snellen_chart_21_18_15,8,22,Please read the smallest line you can see clearly on the Snellen chart.,Reads the chart.,Confused
01:40,-0.25,0.0,180.0,0.0,0.0,0.0,180.0,0.0,,-1,BINO,snellen_chart_21_18_15,8,22,Please read the smallest line you can see clearly on the Snellen chart.,Reads the chart.,Confused
01:42,0.0,0.0,180.0,0.0,0.0,0.0,29.0,0.0,,-1,BINO,snellen_chart_21_18_15,8,22,Please read the smallest line you can see clearly on the Snellen chart.,Reads the chart.,Confused
02:02,0.0,0.0,180.0,0.0,0.0,0.0,7.0,0.0,,-1,BINO,snellen_chart_21_18_15,8,22,Please read the smallest line you can see clearly on the Snellen chart.,Reads the chart.,Confused
02:06,0.0,0.0,180.0,0.0,0.0,0.0,180.0,0.0,,-1,BINO,snellen_chart_21_18_15,8,22,Please read the smallest line you can see clearly on the Snellen chart.,Reads the chart.,Confident
02:22,0.0,0.0,180.0,0.0,0.0,0.0,180.0,0.0,,-1,Left_Occluded,snellen_chart_20_20_20,8,22,I'm covering your left eye. Please read the smallest line you can see clearly on the Snellen chart.,Reads snellen_chart_20_20_20.,Confused
02:28,0.0,0.0,180.0,0.0,0.0,0.0,180.0,0.0,,-1,Left_Occluded,snellen_chart_20_20_20,8,22,I'm covering your left eye. Please read the smallest line you can see clearly on the Snellen chart.,Reads snellen_chart_20_20_20.,Confident
02:30,0.0,0.0,180.0,0.0,0.0,0.0,180.0,0.0,,-1,Right_Occluded,snellen_chart_20_20_20,8,22,I'm covering your right eye. Please read the smallest line you can see clearly on the Snellen chart.,Reads the chart.,Confused
02:32,0.0,0.0,180.0,0.0,0.0,0.0,180.0,0.0,,-1,Right_Occluded,snellen_chart_20_20_20,8,22,I'm covering your right eye. Please read the smallest line you can see clearly on the Snellen chart.,Reads the chart.,Confused
02:34,0.0,0.0,180.0,0.0,0.0,0.0,180.0,0.0,,-1,Right_Occluded,snellen_chart_20_20_20,8,22,I'm covering your right eye. Please read the smallest line you can see clearly on the Snellen chart.,Reads the chart.,Confident
02:36,0.0,0.0,180.0,0.0,0.0,0.0,180.0,0.0,,-1,Left_Occluded,snellen_chart_21_18_15,8,22,I'm covering your left eye. Please read the smallest line you can see clearly on the Snellen chart.,Reads snellen_chart_21_18_15.,Confused
02:38,0.5,0.0,180.0,0.0,0.0,0.0,180.0,0.0,,-1,Left_Occluded,snellen_chart_21_18_15,8,22,I'm covering your left eye. Please read the smallest line you can see clearly on the Snellen chart.,Reads snellen_chart_21_18_15.,Confused
02:40,-0.25,0.0,180.0,0.0,0.0,0.0,0.0,0.0,,-1,Left_Occluded,snellen_chart_21_18_15,8,22,I'm covering your left eye. Please read the smallest line you can see clearly on the Snellen chart.,Reads snellen_chart_21_18_15.,Confused
02:44,0.0,0.0,180.0,0.0,0.0,0.0,0.0,0.0,,-1,Left_Occluded,snellen_chart_21_18_15,8,22,I'm covering your left eye. Please read the smallest line you can see clearly on the Snellen chart.,Reads snellen_chart_21_18_15.,Confident
02:46,0.0,-0.25,180.0,0.0,0.0,0.0,180.0,0.0,,-1,Right_Axis_Flip1,jcc_chart,8,22,Is this better?,,Confused
02:50,0.0,-0.25,130.0,0.0,0.0,0.0,180.0,0.0,,-1,Right_Axis_Flip1,jcc_chart,8,22,Is this better?,,Confused
02:54,0.0,-0.25,130.0,0.0,0.0,0.0,180.0,0.0,,-1,Right_Axis_Flip2,jcc_chart,8,22,Or is this better?,No axis change.,Confused
03:02,0.0,-0.25,130.0,0.0,0.0,0.0,180.0,0.0,,-1,Right_Axis_Flip1,jcc_chart,8,22,Is this better?,,Confident
03:04,0.0,-0.25,130.0,0.0,0.0,0.0,180.0,0.0,,-1,Right_Axis_Flip2,jcc_chart,8,22,Or is this better?,No axis change.,Confident
03:06,0.0,-0.25,130.0,0.0,0.0,0.0,180.0,0.0,,-1,Right_Power_Flip1,jcc_chart,8,22,Is this better?,,Confident
03:08,0.0,-0.25,130.0,0.0,0.0,0.0,180.0,0.0,,-1,Right_Power_Flip2,jcc_chart,8,22,Or is this better?,No cylinder change.,Confused
03:10,0.0,-0.25,130.0,0.0,0.0,0.0,180.0,0.0,,-1,Right_Power_Flip2,duochrome,8,22,Or is this better?,No cylinder change.,Confident
03:12,0.0,-0.25,130.0,0.0,0.0,0.0,180.0,0.0,,-1,Left_Occluded,duochrome,8,22,"Which is clearer: red or green, or are they the same?",Responds red/green preference.,Confident
03:30,0.0,-0.25,130.0,0.0,0.0,0.0,180.0,0.0,,-1,Left_Occluded,snellen_chart_20_15_20,8,22,I'm covering your left eye. Please read the smallest line you can see clearly on the Snellen chart.,Reads snellen_chart_20_15_20.,Confused
03:40,0.0,0.0,130.0,0.0,0.0,0.0,180.0,0.0,,-1,Left_Occluded,snellen_chart_20_15_20,8,22,I'm covering your left eye. Please read the smallest line you can see clearly on the Snellen chart.,Reads snellen_chart_20_15_20.,Confused
03:48,0.0,-0.25,130.0,0.0,0.0,0.0,180.0,0.0,,-1,Left_Occluded,snellen_chart_20_15_20,8,22,I'm covering your left eye. Please read the smallest line you can see clearly on the Snellen chart.,Reads snellen_chart_20_15_20.,Confident
03:52,0.0,-0.25,130.0,0.0,0.0,0.0,180.0,0.0,,-1,Right_Occluded,snellen_chart_21_18_15,8,22,I'm covering your right eye. Please read the smallest line you can see clearly on the Snellen chart.,Reads the chart.,Confused
03:54,0.0,-0.25,130.0,0.0,0.0,0.0,180.0,0.0,,-1,Right_Occluded,snellen_chart_12_9_7_5,8,22,I'm covering your right eye. Please read the smallest line you can see clearly on the Snellen chart.,Reads the chart.,Confused
03:56,0.0,-0.25,30.0,0.0,-0.25,0.0,180.0,0.0,,-1,Right_Occluded,snellen_chart_12_9_7_5,8,22,I'm covering your right eye. Please read the smallest line you can see clearly on the Snellen chart.,Reads the chart.,Confident
03:58,0.0,-0.25,30.0,0.0,0.0,0.0,180.0,0.0,,-1,Left_Axis_Flip1,jcc_chart,8,22,Is this better?,,Confused
04:00,0.0,-0.25,3.0,0.0,0.0,-0.25,46.0,0.0,,-1,Left_Axis_Flip1,jcc_chart,8,22,Is this better?,,Confused
04:02,0.0,-0.25,130.0,0.0,0.0,-0.25,50.0,0.0,,-1,Left_Axis_Flip1,jcc_chart,8,22,Is this better?,,Confident
04:04,0.0,-0.25,130.0,0.0,0.0,-0.25,90.0,0.0,,-1,Left_Axis_Flip2,jcc_chart,8,22,Or is this better?,Decrease axis.,Confused
04:06,0.0,-0.25,130.0,0.0,0.0,-0.25,60.0,0.0,,-1,Left_Axis_Flip2,jcc_chart,8,22,Or is this better?,No axis change.,Confused
04:08,0.0,-0.25,130.0,0.0,0.0,-0.25,60.0,0.0,,-1,Left_Axis_Flip2,jcc_chart,8,22,Or is this better?,Increase axis.,Confused
04:10,0.0,-0.25,130.0,0.0,0.0,-0.25,70.0,0.0,,-1,Left_Axis_Flip2,jcc_chart,8,22,Or is this better?,No axis change.,Confused
04:12,0.0,-0.25,130.0,0.0,0.0,-0.25,70.0,0.0,,-1,Left_Axis_Flip2,jcc_chart,8,22,Or is this better?,No axis change.,Confused
04:14,0.0,-0.25,130.0,0.0,0.0,-0.25,70.0,0.0,,-1,Left_Axis_Flip2,jcc_chart,8,22,Or is this better?,No axis change.,Confident
04:16,0.0,-0.25,30.0,0.0,0.0,-0.25,70.0,0.0,,-1,Left_Power_Flip1,jcc_chart,8,22,Is this better?,,Confident
04:18,0.0,-0.25,30.0,0.0,0.0,-0.25,70.0,0.0,,-1,Left_Power_Flip2,jcc_chart,8,22,Or is this better?,No cylinder change.,Confident
04:20,0.0,-0.25,30.0,0.0,0.0,-0.25,70.0,0.0,,-1,Left_Axis_Flip1,jcc_chart,8,22,Is this better?,,Confused
04:22,0.0,-0.25,30.0,0.0,0.0,-0.25,0.0,0.0,,-1,Left_Axis_Flip1,jcc_chart,8,22,Is this better?,,Confused
04:24,0.0,-0.25,30.0,0.0,0.0,-0.25,80.0,0.0,,-1,Left_Axis_Flip2,jcc_chart,8,22,Or is this better?,No axis change.,Confused
04:26,0.0,-0.25,3.0,0.0,0.0,-0.25,80.0,0.0,,-1,Left_Axis_Flip2,jcc_chart,8,22,Or is this better?,No axis change.,Confused
04:28,0.0,-0.25,130.0,0.0,0.0,-0.25,80.0,0.0,,-1,Left_Axis_Flip1,jcc_chart,8,22,Is this better?,,Confused
04:30,0.0,-0.25,130.0,0.0,0.0,-0.25,80.0,0.0,,-1,Left_Axis_Flip2,jcc_chart,8,22,Or is this better?,Decrease axis.,Confused
04:34,0.0,-0.25,130.0,0.0,0.0,-0.25,75.0,0.0,,-1,Left_Axis_Flip2,jcc_chart,8,22,Or is this better?,Decrease axis.,Confused
04:36,0.0,-0.25,130.0,0.0,0.0,-0.25,70.0,0.0,,-1,Left_Axis_Flip1,jcc_chart,8,22,Is this better?,,Confident
04:38,0.0,-0.25,130.0,0.0,0.0,-0.25,70.0,0.0,,-1,Left_Axis_Flip2,jcc_chart,8,22,Or is this better?,Increase axis.,Confused
04:42,0.0,-0.25,130.0,0.0,0.0,-0.25,75.0,0.0,,-1,Left_Axis_Flip2,jcc_chart,8,22,Or is this better?,No axis change.,Confused
04:44,0.0,-0.25,130.0,0.0,0.0,-0.25,75.0,0.0,,-1,Left_Power_Flip1,jcc_chart,8,22,Is this better?,,Confident
04:46,0.0,-0.25,5.0,0.0,0.0,-1.0,180.0,0.0,,-1,Left_Power_Flip2,jcc_chart,8,22,Or is this better?,No cylinder change.,Confident
04:50,0.0,-0.25,5.0,0.0,0.0,-1.0,180.0,0.0,,-1,Left_Axis_Flip2,jcc_chart,8,22,Or is this better?,No axis change.,Confused
04:52,0.0,-0.25,5.0,0.0,0.0,-1.0,180.0,0.0,,-1,Left_Axis_Flip2,duochrome,8,22,Or is this better?,No axis change.,Confident
04:54,0.0,-0.25,3.0,0.0,0.0,-1.0,180.0,0.0,,-1,Right_Occluded,duochrome,8,22,"Which is clearer: red or green, or are they the same?",Responds red/green preference.,Confused
05:00,0.0,-0.25,3.0,0.0,0.0,-0.5,180.0,0.0,,-1,Right_Occluded,duochrome,8,22,"Which is clearer: red or green, or are they the same?",Responds red/green preference.,Confused
05:02,0.0,-0.25,3.0,0.0,-0.25,-0.5,180.0,0.0,,-1,Right_Occluded,duochrome,8,22,"Which is clearer: red or green, or are they the same?",Responds red/green preference.,Confused
05:04,0.0,-0.25,3.0,0.0,-0.25,-1.0,2.0,0.0,,-1,Right_Occluded,duochrome,8,22,"Which is clearer: red or green, or are they the same?",Responds red/green preference.,Confident
05:06,0.0,-0.25,3.0,0.0,-0.25,-1.0,75.0,0.0,,-1,Right_Occluded,snellen_chart_20_15_20,8,22,I'm covering your right eye. Please read the smallest line you can see clearly on the Snellen chart.,Reads the chart.,Confused
05:10,0.0,-0.25,0.0,0.0,-0.25,-0.5,7.0,0.0,,-1,Right_Occluded,snellen_chart_20_15_20,8,22,I'm covering your right eye. Please read the smallest line you can see clearly on the Snellen chart.,Reads the chart.,Confused
05:12,0.0,-0.25,0.0,0.0,-0.25,-0.25,7.0,0.0,,-1,Right_Occluded,snellen_chart_20_15_20,8,22,I'm covering your right eye. Please read the smallest line you can see clearly on the Snellen chart.,Reads the chart.,Confused
05:14,0.0,-0.25,3.0,0.0,-0.25,-0.25,5.0,0.0,,-1,Right_Occluded,snellen_chart_20_15_20,8,22,I'm covering your right eye. Please read the smallest line you can see clearly on the Snellen chart.,Reads the chart.,Confused
05:16,0.0,-0.25,3.0,0.0,-0.25,-0.5,0.0,0.0,,-1,Right_Occluded,snellen_chart_20_15_20,8,22,I'm covering your right eye. Please read the smallest line you can see clearly on the Snellen chart.,Reads the chart.,Confused
05:18,0.0,-0.25,3.0,0.0,-0.25,-0.25,75.0,0.0,,-1,Right_Occluded,snellen_chart_20_15_20,8,22,I'm covering your right eye. Please read the smallest line you can see clearly on the Snellen chart.,Reads the chart.,Confused
05:20,0.0,-0.25,0.0,0.0,-0.25,-0.25,75.0,0.0,,-1,Right_Occluded,snellen_chart_21_18_15,8,22,I'm covering your right eye. Please read the smallest line you can see clearly on the Snellen chart.,Reads the chart.,Confused
05:22,0.0,-0.25,0.0,0.0,-0.25,-0.25,2.0,0.0,,-1,Right_Occluded,snellen_chart_21_18_15,8,22,I'm covering your right eye. Please read the smallest line you can see clearly on the Snellen chart.,Reads the chart.,Confused
05:26,0.0,0.0,0.0,0.0,0.0,0.0,180.0,0.0,,-1,Right_Occluded,snellen_chart_21_18_15,8,22,I'm covering your right eye. Please read the smallest line you can see clearly on the Snellen chart.,Reads the chart.,Confident
05:30,0.0,0.0,180.0,0.0,0.0,0.0,180.0,0.0,,-1,BINO,snellen_chart_21_18_15,8,22,Please read the smallest line you can see clearly on the Snellen chart.,Reads the chart.,Confused
05:36,0.0,-0.25,130.0,0.0,-0.25,-0.25,2.0,0.0,,-1,BINO,snellen_chart_21_18_15,8,22,Please read the smallest line you can see clearly on the Snellen chart.,Reads the chart.,Confused
05:38,0.0,-0.25,130.0,0.0,-0.25,-0.25,75.0,0.0,,-1,BINO,snellen_chart_21_18_15,8,22,Please read the smallest line you can see clearly on the Snellen chart.,Reads the chart.,Confused
05:42,0.0,0.0,180.0,0.0,0.0,0.0,180.0,0.0,,-1,BINO,snellen_chart_21_18_15,8,22,Please read the smallest line you can see clearly on the Snellen chart.,Reads the chart.,Confident
05:48,0.0,0.0,180.0,0.0,0.0,0.0,180.0,0.0,,-1,BINO,near_vision,8,22,Please read the nearest line you can see comfortably.,Reads near chart.,Confused
05:58,0.0,0.0,180.0,0.0,0.0,0.0,9.0,0.0,,-1,BINO,near_vision,8,22,Please read the nearest line you can see comfortably.,Reads near chart.,Confused
06:04,0.0,0.0,180.0,0.0,0.0,0.0,89.0,0.0,,-1,BINO,near_vision,8,22,Please read the nearest line you can see comfortably.,Reads near chart.,Confused
06:08,0.0,0.0,180.0,0.0,0.0,0.0,180.0,0.0,,-1,BINO,near_vision,8,22,Please read the nearest line you can see comfortably.,Reads near chart.,Confident
06:10,0.0,0.0,180.0,0.0,0.0,0.0,180.0,0.0,,-1,Left_Occluded,near_vision,8,22,Please read the nearest line you can see comfortably.,Reads near chart.,Confused
06:20,0.0,0.0,180.0,1.0,0.0,0.0,180.0,0.0,,-1,Left_Occluded,near_vision,8,22,Please read the nearest line you can see comfortably.,Reads near chart.,Confused
06:30,0.0,0.0,180.0,1.25,0.0,0.0,180.0,0.0,,-1,Left_Occluded,near_vision,8,22,Please read the nearest line you can see comfortably.,Reads near chart.,Confident
06:36,0.0,0.0,180.0,1.25,0.0,0.0,180.0,0.0,,-1,Right_Occluded,near_vision,8,22,Please read the nearest line you can see comfortably.,Reads near chart.,Confused
06:38,0.0,0.0,180.0,-41.25,0.0,0.0,180.0,0.0,,-1,Right_Occluded,near_vision,8,22,Please read the nearest line you can see comfortably.,Reads near chart.,Confused
06:40,0.0,0.0,0.0,-41.25,0.0,0.0,180.0,1.0,,-1,Right_Occluded,near_vision,8,22,Please read the nearest line you can see comfortably.,Reads near chart.,Confident
06:46,0.0,0.0,6.0,1.25,0.0,0.0,180.0,1.25,,-1,BINO,near_vision,8,22,Please read the nearest line you can see comfortably.,Reads near chart.,Confused
06:48,0.0,0.0,180.0,1.25,0.0,0.0,180.0,1.25,,-1,BINO,near_vision,8,22,Please read the nearest line you can see comfortably.,Reads near chart.,Confused
06:52,0.0,0.0,180.0,1.25,0.0,0.0,180.0,0.0,,-1,BINO,near_vision,8,22,Please read the nearest line you can see comfortably.,Reads near chart.,Confused
06:54,0.0,0.0,180.0,1.25,0.0,0.0,180.0,0.0,,-1,BINO,near_vision,8,22,Please read the nearest line you can see comfortably.,Reads near chart.,Confused
06:56,0.0,0.0,180.0,1.25,0.0,0.0,180.0,1.25,,-1,BINO,near_vision,8,22,Please read the nearest line you can see comfortably.,Reads near chart.,Confused
07:06,0.0,0.0,86.0,1.25,0.0,0.0,180.0,1.25,,-1,BINO,near_vision,8,22,Please read the nearest line you can see comfortably.,Reads near chart.,Confused
07:08,0.0,0.0,80.0,1.25,0.0,0.0,180.0,1.25,,-1,BINO,near_vision,8,22,Please read the nearest line you can see comfortably.,Reads near chart.,Confused
07:10,0.0,0.0,180.0,1.25,0.0,0.0,180.0,1.25,,-1,BINO,near_vision,8,22,Please read the nearest line you can see comfortably.,Reads near chart.,Confident
07:12,0.0,0.0,180.0,1.25,0.0,0.0,180.0,1.25,,-1,BINO,snellen_chart_21_18_15,8,22,Please read the smallest line you can see clearly on the Snellen chart.,Reads the chart.,Confused
07:18,0.0,0.0,180.0,1.25,0.0,0.0,180.0,1.25,,-1,BINO,snellen_chart_21_18_15,8,22,Please read the smallest line you can see clearly on the Snellen chart.,Reads the chart.,Confused
07:36,0.0,0.0,180.0,1.25,0.0,0.0,180.0,1.25,,-1,BINO,snellen_chart_21_18_15,8,22,Please read the smallest line you can see clearly on the Snellen chart.,Reads the chart.,Confused
07:40,0.0,0.0,180.0,1.25,0.0,0.0,180.0,1.25,,-1,BINO,snellen_chart_21_18_15,8,22,Please read the smallest line you can see clearly on the Snellen chart.,Reads the chart.,Confused
07:46,0.0,0.0,180.0,1.25,0.0,0.0,180.0,1.25,,-1,BINO,snellen_chart_21_18_15,8,22,Please read the smallest line you can see clearly on the Snellen chart.,Reads the chart.,Confused
10:38,0.0,0.0,180.0,1.25,0.0,0.0,180.0,1.25,,-1,BINO,snellen_chart_21_18_15,8,22,Please read the smallest line you can see clearly on the Snellen chart.,Reads the chart.,Confused
10:46,0.0,0.0,180.0,1.25,0.0,0.0,180.0,1.25,,-1,BINO,snellen_chart_21_18_15,8,22,Please read the smallest line you can see clearly on the Snellen chart.,Reads the chart.,Confident
